url,name,size,price
https://otm-group.ru/catalog/detail/belaya-galaktika/,Белая галактика,,по запросу
https://otm-group.ru/catalog/detail/belyy/,Белый,,по запросу
https://otm-group.ru/catalog/detail/dver-a-044/,Дверь А-044,300х2000х900 мм.,по запросу
https://otm-group.ru/catalog/detail/kryshka-dver-o-003/,Крышка-дверь О-003,530х900х600 мм. Задняя стенка ХДФ.,1 500 ₽
https://otm-group.ru/catalog/detail/ostrov-ko-001/,Остров КО-001,1100х1300х2600 мм.,по запросу
https://otm-group.ru/catalog/detail/ostrov-ko-002/,Остров КО-002,1100х1300х3400 мм.,по запросу
https://otm-group.ru/catalog/detail/ostrov-ko-003/,Остров КО-003,1000х1600х1000 мм.,по запросу
https://otm-group.ru/catalog/detail/ostrov-ko-004/,Остров КО-004,1100х1600х2600 мм.,по запросу
https://otm-group.ru/catalog/detail/ostrov-ko-005/,Остров КО-005,2500х1300х3400 мм.,по запросу
https://otm-group.ru/catalog/detail/ostrov-lo-001/,Остров ЛО-001,1700х2000х3800 мм.,по запросу
https://otm-group.ru/catalog/detail/ostrov-lo-002/,Остров ЛО-002,3000х2000х3000 мм.,по запросу
https://otm-group.ru/catalog/detail/ostrov-lo-003/,Остров ЛО-003,2400х2000х4000 мм.,по запросу
https://otm-group.ru/catalog/detail/ostrov-lo-004/,Остров ЛО-004,2000х2000х3800 мм.,по запросу
https://otm-group.ru/catalog/detail/ostrov-lo-005/,Остров ЛО-005,2400х2000х2400 мм.,по запросу
https://otm-group.ru/catalog/detail/ostrov-lo-006/,Остров ЛО-006,1800х2000х1500 мм.,по запросу
https://otm-group.ru/catalog/detail/ostrov-lo-007/,Остров ЛО-007,2100х2000х3300 мм.,по запросу
https://otm-group.ru/catalog/detail/ostrov-lo-008/,Остров ЛО-008,2700х2000х2900 мм.,по запросу
https://otm-group.ru/catalog/detail/ostrov-ro-001/,Остров РО-001,3000х1400х3800 мм.,по запросу
https://otm-group.ru/catalog/detail/ostrov-ro-002/,Остров РО-002,2000х1100х3800 мм.,по запросу
https://otm-group.ru/catalog/detail/ostrov-ro-003/,Остров РО-003,2400х1400х3400 мм. .,по запросу
https://otm-group.ru/catalog/detail/ostrov-ro-004/,Остров РО-004,2400х1400х3400 мм.,по запросу
https://otm-group.ru/catalog/detail/ostrov-ro-005/,Остров РО-005,2000х1400х2800 мм.,по запросу
https://otm-group.ru/catalog/detail/ostrov-ro-006/,Остров РО-006,2400х1400х3400 мм.,по запросу
https://otm-group.ru/catalog/detail/ostrov-ro-007/,Остров РО-007,1900х2000х3500 мм.,по запросу
https://otm-group.ru/catalog/detail/ostrov-ro-008/,Остров РО-008,2300х2100х3200 мм.,по запросу
https://otm-group.ru/catalog/detail/podtovarnik-p-001/,Подтоварник П-001,400х500х1000 мм.,по запросу
https://otm-group.ru/catalog/detail/podtovarnik-p-002/,Подтоварник П-002,400х500х1000 мм.,по запросу
https://otm-group.ru/catalog/detail/podtovarnik-p-003/,Подтоварник П-003,400х500х1000 мм.,по запросу
https://otm-group.ru/catalog/detail/podtovarnik-p-004/,Подтоварник П-004,400х500х1000 мм.,по запросу
https://otm-group.ru/catalog/detail/podtovarnik-p-005/,Подтоварник П-005,400х500х1000 мм.,по запросу
https://otm-group.ru/catalog/detail/podtovarnik-p-006/,Подтоварник П-006,400х500х1000 мм.,по запросу
https://otm-group.ru/catalog/detail/podtovarnik-p-007/,Подтоварник П-007,400х500х1000 мм.,по запросу
https://otm-group.ru/catalog/detail/prilavok-al-003/,Прилавок АЛ-003,2000х900х400 мм.,по запросу
https://otm-group.ru/catalog/detail/prilavok-al-004/,Прилавок АЛ-004,900х920х630 мм.,по запросу
https://otm-group.ru/catalog/detail/prilavok-al-005/,Прилавок АЛ-005,1270х920х460 мм.,по запросу
https://otm-group.ru/catalog/detail/prilavok-al-006/,Прилавок АЛ-006,635х1850х630 мм.,по запросу
https://otm-group.ru/catalog/detail/prilavok-al-007/,Прилавок АЛ-007,1270х920х460 мм.,по запросу
https://otm-group.ru/catalog/detail/prilavok-al-008/,Прилавок АЛ-008,900х920х900 мм.,по запросу
https://otm-group.ru/catalog/detail/prilavok-al-009/,Прилавок АЛ-009,900х920х900 мм.,по запросу
https://otm-group.ru/catalog/detail/prilavok-al-010/,Прилавок АЛ-010,900х920х900 мм.,по запросу
https://otm-group.ru/catalog/detail/prilavok-al-011/,Прилавок АЛ-011,900х920х900 мм.,по запросу
https://otm-group.ru/catalog/detail/prilavok-d-001/,Прилавок Д-001,600х1350х900 мм.,по запросу
https://otm-group.ru/catalog/detail/prilavok-d-002/,Прилавок Д-002,600х1350х900 мм.,по запросу
https://otm-group.ru/catalog/detail/prilavok-d-003/,Прилавок Д-003,600х1350х900 мм.,по запросу
https://otm-group.ru/catalog/detail/prilavok-d-004/,Прилавок Д-004,600х1350х900 мм.,по запросу
https://otm-group.ru/catalog/detail/prilavok-d-005/,Прилавок Д-005,430х900х1200 мм. Задняя стенка ХДФ.,по запросу
https://otm-group.ru/catalog/detail/prilavok-d-006/,Прилавок Д-006,630х1350х1270 мм.,по запросу
https://otm-group.ru/catalog/detail/prilavok-d-007/,Прилавок Д-007,600х900х900 мм.,по запросу
https://otm-group.ru/catalog/detail/prilavok-d-009/,Прилавок Д-009,600х900х900 мм.,по запросу
https://otm-group.ru/catalog/detail/prilavok-d-010/,Прилавок Д-010,600х900х900 мм.,по запросу
https://otm-group.ru/catalog/detail/prilavok-kassa-o-002/,Прилавок-касса О-002,530х900х600 мм.,1 500 ₽
https://otm-group.ru/catalog/detail/prilavok-o-007/,Прилавок О-007,390х900х1200 мм.,по запросу
https://otm-group.ru/catalog/detail/prilavok-o-008/,Прилавок О-008,530х1350х900 мм.,1 500 ₽
https://otm-group.ru/catalog/detail/prilavok-o-009/,Прилавок О-009,530х1350х900 мм.,по запросу
https://otm-group.ru/catalog/detail/shkaf-o-010/,Шкаф О-010,530х2000х900 мм.,1 500 ₽
https://otm-group.ru/catalog/detail/shkaf-o-011/,Шкаф О-011,350х2000х800 мм. Задняя стенка ХДФ.,по запросу
https://otm-group.ru/catalog/detail/shkaf-o-012/,Шкаф О-012,350х2000х900 мм. Задняя стенка ХДФ.,1 500 ₽
https://otm-group.ru/catalog/detail/shkaf-o-013/,Шкаф О-013,350х2000х800 мм. Задняя стенка ХДФ.,1 500 ₽
https://otm-group.ru/catalog/detail/shkaf-o-014/,Шкаф О-014,350х2000х800 мм. Задняя стенка ХДФ.,по запросу
https://otm-group.ru/catalog/detail/shkaf-of-001/,Шкаф ОФ-001,800х2000х450 мм. Задняя стенка ХДФ.,по запросу
https://otm-group.ru/catalog/detail/shkaf-of-003/,Шкаф ОФ-003,1500х1800х400 мм. Задняя стенка ХДФ.,по запросу
https://otm-group.ru/catalog/detail/shkaf-of-004/,Шкаф ОФ-004,400х1900х400 мм.,по запросу
https://otm-group.ru/catalog/detail/shkaf-of-005/,Шкаф ОФ-005,400х1900х400 мм. Задняя стенка ХДФ.,по запросу
https://otm-group.ru/catalog/detail/shkaf-of-006/,Шкаф ОФ-006,700х1900х400 мм. Задняя стенка ХДФ.,по запросу
https://otm-group.ru/catalog/detail/shkaf-of-018/,Шкаф ОФ-018,700х1900х400 мм. Задняя стенка ХДФ.,по запросу
https://otm-group.ru/catalog/detail/shkaf-of-019/,Шкаф ОФ-019,700х1800х400 мм. Задняя стенка ХДФ.,по запросу
https://otm-group.ru/catalog/detail/shkaf-of-020/,Шкаф ОФ-020,800х2000х400 мм. Задняя стенка ХДФ.,по запросу
https://otm-group.ru/catalog/detail/shkaf-of-021/,Шкаф ОФ-021,700х1800х400 мм. Задняя стенка ХДФ.,по запросу
https://otm-group.ru/catalog/detail/shkaf-of-022/,Шкаф ОФ-022,400х1800х400 мм. Задняя стенка ХДФ.,по запросу
https://otm-group.ru/catalog/detail/shkaf-of-023/,Шкаф ОФ-023,400х1800х400 мм. Задняя стенка ХДФ.,по запросу
https://otm-group.ru/catalog/detail/shkaf-of-024/,Шкаф ОФ-024,800х1800х400 мм. Задняя стенка ХДФ.,по запросу
https://otm-group.ru/catalog/detail/shkaf-of-025/,Шкаф ОФ-025,800х1800х400 мм. Задняя стенка ХДФ.,по запросу
https://otm-group.ru/catalog/detail/stellazh-p-001/,Стеллаж П-001,400х1250х600 мм.,по запросу
https://otm-group.ru/catalog/detail/stellazh-p-002/,Стеллаж П-002,420х2100х900 мм.,по запросу
https://otm-group.ru/catalog/detail/stellazh-p-003/,Стеллаж П-003,420х2100х900 мм.,по запросу
https://otm-group.ru/catalog/detail/stellazh-p-004/,Стеллаж П-004,300х1600х900 мм.,по запросу
https://otm-group.ru/catalog/detail/stellazh-p-005/,Стеллаж П-005,400х1300х900 мм.,по запросу
https://otm-group.ru/catalog/detail/stellazh-p-006/,Стеллаж П-006,800х1200х1200 мм.,по запросу
https://otm-group.ru/catalog/detail/stellazh-p-007/,Стеллаж П-007,600х1500х1500 мм.,по запросу
https://otm-group.ru/catalog/detail/stellazh-p-008/,Стеллаж П-008,600х1500х1500 мм.,по запросу
https://otm-group.ru/catalog/detail/stellazh-p-009/,Стеллаж П-009,600х1500х900 мм.,по запросу
https://otm-group.ru/catalog/detail/stellazh-p-010/,Стеллаж П-010,600х1500х900 мм. Задняя стенка ХДФ.,по запросу
https://otm-group.ru/catalog/detail/stellazh-p-011/,Стеллаж П-011,600х1500х900 мм.,по запросу
https://otm-group.ru/catalog/detail/stellazh-p-012/,Стеллаж П-012,600х1500х900 мм.,по запросу
https://otm-group.ru/catalog/detail/stellazh-p-013/,Стеллаж П-013,680х2100х680 мм.,по запросу
https://otm-group.ru/catalog/detail/stellazh-p-014/,Стеллаж П-014,840х850х840 мм.,по запросу
https://otm-group.ru/catalog/detail/stol-of-007/,Стол ОФ-007,1800х750х850 мм.,по запросу
https://otm-group.ru/catalog/detail/stol-of-008/,Стол ОФ-008,1300х750х600 мм.,по запросу
https://otm-group.ru/catalog/detail/stol-of-009/,Стол ОФ-009,1500х750х850 мм. Задняя стенка ХДФ.,по запросу
https://otm-group.ru/catalog/detail/stoyka-r-001/,Стойка Р-001,700х1200х1500 мм.,по запросу
https://otm-group.ru/catalog/detail/stoyka-r-002/,Стойка Р-002,760х1200х1200 мм.,по запросу
https://otm-group.ru/catalog/detail/stoyka-r-003/,Стойка Р-003,900х1200х400 мм.,по запросу
https://otm-group.ru/catalog/detail/stoyka-r-004/,Стойка Р-004,1000х1200х1000 мм.,по запросу
https://otm-group.ru/catalog/detail/stoyka-r-005/,Стойка Р-005,700х1200х1500 мм.,по запросу
https://otm-group.ru/catalog/detail/stoyka-r-006/,Стойка Р-006,900х1200х1700 мм.,по запросу
https://otm-group.ru/catalog/detail/stoyka-r-007/,Стойка Р-007,1000х1200х1000 мм.,по запросу
https://otm-group.ru/catalog/detail/stoyka-r-008/,Стойка Р-008,720х1200х1400 мм.,по запросу
https://otm-group.ru/catalog/detail/tumba-of-010/,Тумба ОФ-010,400х600х500 мм. Задняя стенка ХДФ.,по запросу
https://otm-group.ru/catalog/detail/tumba-of-011/,Тумба ОФ-011,800х800х400 мм. Задняя стенка ХДФ.,по запросу
https://otm-group.ru/catalog/detail/tumba-of-012/,Тумба ОФ-012,400х600х500 мм. Задняя стенка ХДФ.,по запросу
https://otm-group.ru/catalog/detail/tumba-of-013/,Тумба ОФ-013,400х600х500 мм. Задняя стенка ХДФ.,по запросу
https://otm-group.ru/catalog/detail/tumba-of-014/,Тумба ОФ-014,400х800х600 мм. Задняя стенка ХДФ.,по запросу
https://otm-group.ru/catalog/detail/tumba-of-015/,Тумба ОФ-015,600х800х550 мм. Задняя стенка ХДФ.,по запросу
https://otm-group.ru/catalog/detail/tumba-of-016/,Тумба ОФ-016,400х600х550 мм. Задняя стенка ХДФ.,по запросу
https://otm-group.ru/catalog/detail/ugol-o-015/,Угол О-015,530х900х530 мм.,1 500 ₽
https://otm-group.ru/catalog/detail/vitrina-a-002/,Витрина А-002,330х2000х900 мм. Задняя стенка ХДФ.,по запросу
https://otm-group.ru/catalog/detail/vitrina-a-003/,Витрина А-003,330х2000х900 мм. Задняя стенка ХДФ.,по запросу
https://otm-group.ru/catalog/detail/vitrina-a-004/,Витрина А-004,330х2000х900 мм. Задняя стенка ХДФ.,по запросу
https://otm-group.ru/catalog/detail/vitrina-a-005/,Витрина А-005,330х2000х900 мм. Задняя стенка ХДФ.,по запросу
https://otm-group.ru/catalog/detail/vitrina-a-006/,Витрина А-006,330х2000х900 мм. Задняя стенка ХДФ.,по запросу
https://otm-group.ru/catalog/detail/vitrina-a-007/,Витрина А-007,330х2000х900 мм. Задняя стенка ХДФ.,по запросу
https://otm-group.ru/catalog/detail/vitrina-a-008/,Витрина А-008,330х2100х900 мм. Задняя стенка ХДФ.,по запросу
https://otm-group.ru/catalog/detail/vitrina-a-009/,Витрина А-009,330х2100х900 мм. Задняя стенка ХДФ.,по запросу
https://otm-group.ru/catalog/detail/vitrina-a-010/,Витрина А-010,330х2100х900 мм. Задняя стенка ХДФ.,по запросу
https://otm-group.ru/catalog/detail/vitrina-a-011/,Витрина А-011,330х2100х900 мм. Задняя стенка ХДФ.,по запросу
https://otm-group.ru/catalog/detail/vitrina-a-012/,Витрина А-012,900х2000х300 мм.,по запросу
https://otm-group.ru/catalog/detail/vitrina-a-013/,Витрина А-013,300х2000х900 мм.,по запросу
https://otm-group.ru/catalog/detail/vitrina-a-014/,Витрина А-014,300х2000х900 мм. Задняя стенка ХДФ.,по запросу
https://otm-group.ru/catalog/detail/vitrina-a-015/,Витрина А-015,300х2000х900 мм.,по запросу
https://otm-group.ru/catalog/detail/vitrina-a-016/,Витрина А-016,300х2000х900 мм.,по запросу
https://otm-group.ru/catalog/detail/vitrina-a-017/,Витрина А-017,300х2000х900 мм.,по запросу
https://otm-group.ru/catalog/detail/vitrina-a-018/,Витрина А-018,300х2000х900 мм.,по запросу
https://otm-group.ru/catalog/detail/vitrina-a-019/,Витрина А-019,300х2000х900 мм.,по запросу
https://otm-group.ru/catalog/detail/vitrina-a-020/,Витрина А-020,300х2000х900 мм.,по запросу
https://otm-group.ru/catalog/detail/vitrina-a-021/,Витрина А-021,300х2000х900 мм.,по запросу
https://otm-group.ru/catalog/detail/vitrina-a-022/,Витрина А-022,300х2000х900 мм.,по запросу
https://otm-group.ru/catalog/detail/vitrina-a-023/,Витрина А-023,300х2000х900 мм.,по запросу
https://otm-group.ru/catalog/detail/vitrina-a-024/,Витрина А-024,300х2100х900 мм.,по запросу
https://otm-group.ru/catalog/detail/vitrina-a-025/,Витрина А-025,300х2100х900 мм.,по запросу
https://otm-group.ru/catalog/detail/vitrina-a-026/,Витрина А-026,300х2100х900 мм.,по запросу
https://otm-group.ru/catalog/detail/vitrina-a-027/,Витрина А-027,300х2100х900 мм.,по запросу
https://otm-group.ru/catalog/detail/vitrina-a-028/,Витрина А-028,300х2100х900 мм.,по запросу
https://otm-group.ru/catalog/detail/vitrina-a-029/,Витрина А-029,300х2100х900 мм.,по запросу
https://otm-group.ru/catalog/detail/vitrina-a-030/,Витрина А-030,300х2100х900 мм.,по запросу
https://otm-group.ru/catalog/detail/vitrina-a-031/,Витрина А-031,300х2100х900 мм.,по запросу
https://otm-group.ru/catalog/detail/vitrina-a-032/,Витрина А-032,330х2100х900 мм. Задняя стенка ХДФ.,по запросу
https://otm-group.ru/catalog/detail/vitrina-a-033/,Витрина А-033,2000х900х400 мм. Задняя стенка ХДФ.,по запросу
https://otm-group.ru/catalog/detail/vitrina-a-034/,Витрина А-034,330х2100х900 мм. Задняя стенка ХДФ.,по запросу
https://otm-group.ru/catalog/detail/vitrina-a-035/,Витрина А-035,330х2100х900 мм. Задняя стенка ХДФ.,по запросу
https://otm-group.ru/catalog/detail/vitrina-a-036/,Витрина А-036,330х2100х900 мм. Задняя стенка ХДФ.,по запросу
https://otm-group.ru/catalog/detail/vitrina-a-037/,Витрина А-037,300х2000х900 мм. Задняя стенка ХДФ.,по запросу
https://otm-group.ru/catalog/detail/vitrina-a-038/,Витрина А-038,300х2000х900 мм. Задняя стенка ХДФ.,по запросу
https://otm-group.ru/catalog/detail/vitrina-a-039/,Витрина А-039,2000х900х400 мм. Задняя стенка ХДФ.,по запросу
https://otm-group.ru/catalog/detail/vitrina-a-040/,Витрина А-040,300х2000х900 мм. Задняя стенка ХДФ.,по запросу
https://otm-group.ru/catalog/detail/vitrina-a-041/,Касса А-041,300х2000х900 мм.,по запросу
https://otm-group.ru/catalog/detail/vitrina-a-042/,Касса А-042,530х1000х900 мм.,по запросу
https://otm-group.ru/catalog/detail/vitrina-a-043/,Витрина А-043,300х2000х900 мм.,по запросу
https://otm-group.ru/catalog/detail/vitrina-g-001/,Витрина Г-001,400х1700х400 мм.,по запросу
https://otm-group.ru/catalog/detail/vitrina-g-002/,Витрина Г-002,400х1700х800 мм.,по запросу
https://otm-group.ru/catalog/detail/vitrina-g-003/,Витрина Г-003,400х1700х1200 мм.,по запросу
https://otm-group.ru/catalog/detail/vitrina-g-004/,Витрина Г-004,570х1700х1000 мм.,по запросу
https://otm-group.ru/catalog/detail/vitrina-g-005/,Витрина Г-005,570х2000х1000 мм.,по запросу
https://otm-group.ru/catalog/detail/vitrina-g-006/,Витрина Г-006,400х1800х400 мм.,по запросу
https://otm-group.ru/catalog/detail/vitrina-g-007/,Витрина Г-007,400х1800х800 мм.,по запросу
https://otm-group.ru/catalog/detail/vitrina-g-008/,Витрина Г-008,400х1800х1200 мм.,по запросу
https://otm-group.ru/catalog/detail/vitrina-g-009/,Витрина Г-009,570х2100х1000 мм.,по запросу
https://otm-group.ru/catalog/detail/vitrina-g-011/,Витрина Г-011,2000х900х400 мм.,по запросу
https://otm-group.ru/catalog/detail/vitrina-g-012/,Витрина Г-012,2000х900х400 мм.,по запросу
https://otm-group.ru/catalog/detail/vitrina-g-013/,Витрина Г-013,400х2000х400 мм.,по запросу
https://otm-group.ru/catalog/detail/vitrina-g-014/,Витрина Г-014,400х2000х800 мм.,по запросу
https://otm-group.ru/catalog/detail/vitrina-g-015/,Витрина Г-015,400х2000х1200 мм.,по запросу
https://otm-group.ru/catalog/detail/vitrina-g-016/,Витрина Г-016,570х2000х1000 мм.,по запросу
https://otm-group.ru/catalog/detail/vitrina-g-017/,Витрина Г-017,400х2000х400 мм.,по запросу
https://otm-group.ru/catalog/detail/vitrina-g-018/,Витрина Г-018,400х2100х800 мм.,по запросу
https://otm-group.ru/catalog/detail/vitrina-g-019/,Витрина Г-019,400х2100х1200 мм.,по запросу
https://otm-group.ru/catalog/detail/vitrina-g-020/,Витрина Г-020,590х2100х1000 мм.,по запросу
https://otm-group.ru/catalog/detail/vitrina-g-021/,Витрина Г-021,570х2100х1000 мм.,по запросу
https://otm-group.ru/catalog/detail/vitrina-g-022/,Витрина Г-022,400х2000х400 мм.,по запросу
https://otm-group.ru/catalog/detail/vitrina-g-023/,Витрина Г-023,400х2000х800 мм.,по запросу
https://otm-group.ru/catalog/detail/vitrina-g-024/,Витрина Г-024,400х900х400 мм.,по запросу
https://otm-group.ru/catalog/detail/vitrina-g-025/,Витрина Г-025,400х900х800 мм.,по запросу
https://otm-group.ru/catalog/detail/vitrina-g-026/,Витрина Г-026,400х900х1200 мм.,по запросу
https://otm-group.ru/catalog/detail/vitrina-g-027/,Витрина Г-027,400х900х800 мм.,по запросу
https://otm-group.ru/catalog/detail/vitrina-g-028/,Витрина Г-028,400х900х1200 мм.,по запросу
https://otm-group.ru/catalog/detail/vitrina-g-029/,Витрина Г-029,400х900х800 мм.,по запросу
https://otm-group.ru/catalog/detail/vitrina-g-030/,Витрина Г-030,570х900х1000 мм.,по запросу
https://otm-group.ru/catalog/detail/vitrina-g-031/,Витрина Г-031,400х900х400 мм.,по запросу
https://otm-group.ru/catalog/detail/vitrina-g-032/,Витрина Г-032,400х1200х400 мм.,по запросу
https://otm-group.ru/catalog/detail/vitrina-g-033/,Витрина Г-033,400х900х800 мм.,по запросу
https://otm-group.ru/catalog/detail/vitrina-g-034/,Витрина Г-034,400х1200х800 мм.,по запросу
https://otm-group.ru/catalog/detail/vitrina-g-035/,Витрина Г-035,400х900х1200 мм.,по запросу
https://otm-group.ru/catalog/detail/vitrina-g-036/,Витрина Г-036,400х1200х1200 мм.,по запросу
https://otm-group.ru/catalog/detail/vitrina-g-037/,Витрина Г-037,600х900х1000 мм.,по запросу
https://otm-group.ru/catalog/detail/vitrina-g-038/,Витрина Г-038,600х1200х1000 мм.,по запросу
https://otm-group.ru/catalog/detail/vitrina-k-001/,Витрина К-001,530х1300х900 мм.,по запросу
https://otm-group.ru/catalog/detail/vitrina-k-002/,Витрина К-002,530х1300х900 мм.,6 500 ₽
https://otm-group.ru/catalog/detail/vitrina-k-003/,Витрина К-003,400х1300х1100 мм.,по запросу
https://otm-group.ru/catalog/detail/vitrina-k-004/,Витрина К-004,400х1300х1100 мм.,по запросу
https://otm-group.ru/catalog/detail/vitrina-k-005/,Витрина К-005,400х1300х1100 мм.,по запросу
https://otm-group.ru/catalog/detail/vitrina-k-006/,Витрина К-006,220х2000х900 мм.,по запросу
https://otm-group.ru/catalog/detail/vitrina-k-008/,Витрина К-008,500х1300х900 мм.,по запросу
https://otm-group.ru/catalog/detail/vitrina-k-009/,Витрина К-009,500х1300х900 мм.,6 500 ₽
https://otm-group.ru/catalog/detail/vitrina-k-010/,Витрина К-010,500х1600х500 мм.,по запросу
https://otm-group.ru/catalog/detail/vitrina-k-011/,Витрина К-011,500х1700х800 мм.,по запросу
https://otm-group.ru/catalog/detail/vitrina-k-012/,Витрина К-012,500х2000х800 мм.,по запросу
https://otm-group.ru/catalog/detail/vitrina-k-013/,Витрина К-013,300х2000х900 мм.,по запросу
https://otm-group.ru/catalog/detail/vitrina-k-014/,Витрина К-014,300х2000х900 мм.,по запросу
https://otm-group.ru/catalog/detail/vitrina-k-015/,Витрина К-015,500х1300х800 мм.,6 500 ₽
https://otm-group.ru/catalog/detail/vitrina-k-016/,Витрина К-016,500х1600х800 мм.,по запросу
https://otm-group.ru/catalog/detail/vitrina-k-017/,Витрина К-017,300х2000х800 мм. Задняя стенка ХДФ.,6 500 ₽
https://otm-group.ru/catalog/detail/vitrina-k-018/,Витрина К-018,300х2000х800 мм. Задняя стенка ХДФ.,6 500 ₽
https://otm-group.ru/catalog/detail/vitrina-k-019/,Витрина К-019,300х2000х800 мм. Задняя стенка ХДФ.,6 500 ₽
https://otm-group.ru/catalog/detail/vitrina-k-020/,Витрина К-020,500х1300х900 мм.,6 500 ₽
https://otm-group.ru/catalog/detail/vitrina-k-021/,Витрина К-021,500х1300х900 мм.,по запросу
https://otm-group.ru/catalog/detail/vitrina-k-022/,Витрина К-022,500х1300х600 мм.,6 500 ₽
https://otm-group.ru/catalog/detail/vitrina-k-023/,Витрина К-023,500х1300х500 мм.,по запросу
https://otm-group.ru/catalog/detail/vitrina-k-024/,Витрина К-024,500х250х800 мм. Задняя стенка ХДФ.,6 500 ₽
https://otm-group.ru/catalog/detail/vitrina-k-025/,Витрина К-025,500х1100х800 мм.,по запросу
